{
  "selected": [
    "BTCUSDT|f5|s35|sl0.0100|15m",
    "SOLUSDT|f4|s35|sl0.0200|15m",
    "SOLUSDT|f7|s31|sl0.0150|5m"
  ],
  "weights": {
    "BTCUSDT|f5|s35|sl0.0100|15m": 0.4,
    "SOLUSDT|f4|s35|sl0.0200|15m": 0.3350980795777058,
    "SOLUSDT|f7|s31|sl0.0150|5m": 0.26490192042229416
  },
  "metrics": {
    "n_strategies": 3,
    "avg_monthly_return": 0.06499166226622899,
    "worst_month": 0.06499166226622899,
    "max_drawdown": -0.08190057122128547
  }
}